author,statement
Franz_Werfel,"the famers protests on the continent were about fuel prices and subsidies, now they've tacked on some nebulous complaints about EU regulation, without saying specifically which ones.

i will also say that it requires a massive amount of cognitive dissonance for irish famers to protest against EU ag-policy.."
lamahorses,Over 30% of the European budget is on CAP etc
ConnolysMoustache,"What are they even protesting?

The IFA representative on prime time couldn‚Äôt even say when asked what specifically they were upset with, just that they want recognition(?). He clearly didn‚Äôt know why they were even protesting beyond a general hate of regulations and wanting ‚Äúrecognition‚Äù as he put it. 

Did the lads just want to do an unplanned tractor run.

You can‚Äôt get free money from the EU without any regulations. The arrogance of some farmers is unreal. If you don‚Äôt like the regulations, don‚Äôt take the money, if you like the money, uphold your side of the deal and implement the regulations.

I wish that farmers weren‚Äôt such a powerful voting block in this country, would love to see politicians call this shit out."
bintags,These people are brainwashed.¬†
gofuckyoureself21,"Stop bitching at each other and get out and support the farmers, literally the backbone of the country."
No-Category-38,People with jobs are too busy for this shit.
af_lt274,">massive amount of cognitive dissonance for irish famers to protest against EU ag-policy..

Decades of production caps would say otherwise. Farmers want to produce food, not be recipients of single farm payments."
DiscussionUnusual466,"Well now , just to break in down quickly for you , EU wants to lower our carbon footprint so it's targeting farming by reducing subsidies ,¬† things like fuel, grain and feed for cows etc. This drives up cost for the farmers and thus pushes up their prices , this makes them uncompetitive in the global market as most farms and coops goods gets sold as future contracts and they end up losing out . The farms become unsustainable and have to eventually be sold , big corporations and billionaires like bill gates buy them as land banks for a reduced rate. Eventually our food production will be like manufacturing and offshored to cheaper countries with lower standards in environment but the EU can claim they lowered our emotions even though our populations and consumption go up to support the Ponzi scheme and their pensions.


Source¬†




https://www.linkedin.com/pulse/futures-options-contract-explained-farming-logic-gaurav-kumar



https://theguardian.com/commentisfree/2021/apr/05/bill-gates-climate-crisis-farmland



https://www.consilium.europa.eu/en/60-years-of-common-agricultural-policy/"
TruthSeeker101110,"Don't they already get [‚Ç¨1.2 billion in subsidies per year](https://www.teagasc.ie/publications/2020/cap-provides-important-funds-for-irish-farms.php), that's enough to give every person in Ireland over ‚Ç¨300. Also didn't they get the [‚Ç¨1.5 billion agri-environmental scheme called ACRES](https://cullennurseries.ie/acres-scheme/#:~:text=The%20ACRES%20scheme%2C%20integral%20to,water%20quality%20on%20their%20farms) and also the [‚Ç¨9.8  billion in grants](https://www.irishtimes.com/business/farming-food/2022/10/04/cabinet-to-consider-latest-round-of-cap-scheme-worth-10bn-to-irish-agriculture/#:~:text=Irish%20farmers%20are%20to%20receive,by%20the%20Cabinet%20on%20Tuesday). The Irish countryside must be full of crops."
bintags,The cognitive dissonance is all that‚Äôs keeping them going. They‚Äôre like religious people.¬†
Healthy-Travel3105,I thought their issue was having to compete with imported products that don't have to follow the same regulations?
JRR_STARK,"Alright, you know more about agriculture then the farmers"
Franz_Werfel,What are they protesting about?
Conscious_Accident85,"What came before them regulations though was a lot lot worse. There were lands being massively overgrazed and destroyed because with how the subsidies were set up based on herd size more so than land you could have 1000 sheep on a field that could only feed 100. 

In the long term them policies were disastrous."
Conscious_Accident85,"Irelands manufacturing sector is the largest in the world relative to population and is growing fast. It‚Äôs on pace the overtake the UKs in total size within 5 years. We benefited from US companies outsourcing and setting up plants here not the other way around. We‚Äôve benefited from the EU on this front as well.

Very few if any farms in Ireland are owned by big corporations or bill gates. The main issue in Irish farming is the cartel running the factories and slaughterhouses. We are one of biggest recipients of EU grants. Farming in Ireland has massively benefited from the eu."
Deleted,"If the farmers can't keep their business's going without subsidies, then they deserve to be put out of business.

This didn't come out of nowhere, they've had about 20 years of warning to prepare and diversify their farms, as plenty have, and those who refuse to adapt are sadly going to go bankrupt and lose their farms. 

>The farms become unsustainable and have to eventually be sold , big corporations and billionaires like bill gates buy them as land banks for a reduced rate. 

These stubborn farmers will be able to choose who to sell their land to, they'd have loads of other options, but yes, you're correct, they probably will sell them to the highest bidder, no matter what plans the buyer has, because it never really was about ""love of the land"" for those farmers anyway."
DiscussionUnusual466,"They receive the subsidiary to keep the price that you pay low ...so another way of thinking is why do you pay so little for your food , look at other under developed nations where food will cost you most of your salary because it's not subsidised¬†"
RoyRobotoRobot,There is a good bit of mismanagement of funds at Government level. DAFM has a lot to answer for. But that could be said about the whole Government.
DiscussionUnusual466,"The only¬†cognitive dissonance¬† going on here is that you don't understand that you are the end beneficiary of the subsidies by not paying market rate for your food ...all the raw materials for everything you eat and drink is dependent on subsidies , take them away and watch those prices climb , farmers will always have a full plate and be able to feed¬†themselves , you however ...I doubt you could keep a house plant alive for longer then a month¬†"
ConnolysMoustache,"If it is the IFA guy on prime time neglected to say that. They need a new media guy.


Also if that‚Äôs their issue, those imports don‚Äôt get flushed with EU money. 30% of the EU budget goes towards CAP.

It‚Äôs really very simply. The EU isn‚Äôt a magic money tree. If you want / get their money you have to comply with regulations.

Those imports don‚Äôt get EU money so don‚Äôt have the same regulations. I presume it‚Äôs Argentine beef we‚Äôre talking about."
DiscussionUnusual466,Your food prices going up¬†
DiscussionUnusual466,"To date that is true that farms have benefited , but that is changing , most farmers or mortgaged up to the eyes because believe it or not harvesters and other equipment cost a eye watering amount , most people think farmers have a tone of money because of land vale but in truth its all owned in debt and most are just keeping their heads above water because of the subsidies¬†"
RoyRobotoRobot,You do know we subsidize farmers to keep food prices down? You seem to have a very poor understanding of how the agricultural industry works and if you ever dealt with the grant schemes you would realize that DAFM is ran about aswell as RT√â.
BB2014Mods,"> If the farmers can't keep their business's going without subsidies, then they deserve to be put out of business.

You are a total fucking moron, like this has got to be the absolute shittiest take I have ever seen on Reddit"
DiscussionUnusual466,"ok smooth brain, look at what happened when the war in the Ukraine started, and grain prices went up ? Feed for cattle when up , so price of milk , cheese beef went up all , same for flour and the beer , all the ingredients need for a burger and beer, and you have seen the cost of living go up with that ... the reason for the subsidies is to lower the cost of food for us, the consumers. 

If you want 10 quid pints of milk without subsidies, then the same logic should be applied to everything including social housing, which believe it or not is used to lower the cost of labor,  it lowers the need to pay a fair wage because housing is artificially blow what the market would pay. In the same way if you were to pay the fair price for any ingredient off a farm you would be paying much higher prices as farmers would not take the risk of overproducing which is why we subsidies in the first place....."
lkdubdub,But Bill Gates!
TruthSeeker101110,"You sure? i thought Ireland was [a net exporter](https://www.enterprise-ireland.com/en/supports/become-more-innovative/technology-centres/mti#:~:text=Ireland%20is%20the%20biggest%20net,of%20MTI's%20Phase%20II%20programme). Maybe it keeps the EU's food lower. Not sure about domestically."
bintags,"I disagree, farmers are thick¬†"
showars,"Begs the question of why we would consciously sell food that doesn‚Äôt adhere to EU regulations? Are the regulations not necessary for the quality of the food in the EU? 

I understand that you have to follow them to get the money but can‚Äôt figure out why"
Franz_Werfel,And who is contributing to rising food prices?
Conscious_Accident85,"If you make a bad decision with your finances around debt that‚Äôs not the governments fault.  Most farmers also did not buy the land they own. If they did they are doing very very well far more often than not.

Tractor‚Äôs and machinery is getting more expensive but the protests will not effect that in anyway and aren‚Äôt about that.

It‚Äôs not changing. In joining the EU in the first place the government a large part of it was government were willing to kill the fishing industry to help the farmers. Farmers benefit massively from the EU arguably more than anyone else. As you say yourself they are keeping there heads above water because of the EU and their funding."
WolfOfWexford,"I‚Äôm a farmer and I massively disagree with BISS. We know the majority of the price you pay for beef is going into the supermarkets pockets, not the farmers. Get rid of the subsidies and nationalise the meat factories with the idea of selling them off to cooperatives owned by farmers. 

We need the consumer product, sliced and packaged meat, to be produced by the farmers, not the middleman.

If you took the subsidies away from the dairy industry, the farmer would still turn a profit.

I‚Äôm from a tillage farm, we make 2k/ha net before subsidies. When we were selling to a grain merchant it was closer to 200/ha"
DiscussionUnusual466,"He was just a high profile example for the small brained people here¬†


https://www.irishtimes.com/business/2023/07/24/row-re-erupts-over-plans-to-develop-40m-co-kildare-land-bank-court-hears/



https://www.eu-startups.com/2023/10/munich-based-the-landbanking-group-bags-e10-5-million-to-launch-an-investment-platform-for-natural-capital/


https://www.telegraph.co.uk/world-news/2023/05/02/eu-approves-controversial-dutch-farm-buy-out-plan/



https://theguardian.com/money/2009/nov/07/landbanking-investment-scheme"
DiscussionUnusual466,"Ok let's do a little basic thoughts experiment¬†


Farmer A receives subsides to cover the cost of running the business and can lower his prices so milk only cost you 2 euro¬†


Farmer b doesn't receive the subsidies and has to factor in the cost so the milk cost you 4 euro¬†


Does that help you understand ?"
ConnolysMoustache,"Most of the regulations that we‚Äôre talking about are climate related, not safety related, imported food still needs to pass safety standards but its production doesn‚Äôt need to pass the same climate sustainability tests and regulations. 

If you get money from the EU for the sole purpose of implementing sustainable farming, you can‚Äôt just take the money and whinge that you have to uphold your side of the argument and implement sustainable farming. That‚Äôs what they‚Äôre whining about.

The EU is not a magic money tree. You have to uphold your side of the deal."
DiscussionUnusual466,"Increase in prices of fuel, fertilizer and grain , subsidies have not matched the increase so the cost has been passed on to us the consumers¬†"
DiscussionUnusual466,Nationalise the meet factories is the same as subsidies just a different way of filling the hole in the accounts further up the line ...
TruthSeeker101110,"Sure if the farmer actually produces anything, which most don't.

In 2018 the average subsidy payments made up 74% of the a farms income of the average farm. For cattle and sheep farms, the payments were up to 158% of income. Anything over 100% means we are paying them more than what they are producing.

[Source](https://www.teagasc.ie/publications/2020/cap-provides-important-funds-for-irish-farms.php#:~:text=In%202018%20the%20average%20subsidy,payment%20received%20was%20spent%20farming)"
showars,"Then it‚Äôs even more stupid. Climate regulations on short travel distance for food but nothing to bring it the whole way around the world where it was likely farmed less sustainably? 

It reeks of just trying to hit arbitrary targets while actually increasing climate damage"
Deleted,"It isn‚Äôt. It disciplines capital. Rather than all that money going to Supermarket owners and their shareholders, it would create a wealth distribution effect in rural Ireland."
ConnolysMoustache,"Arbitrary targets? There‚Äôs nothing arbitrary about concrete targets for re wetting, re forrestation of our island, keeping emissions low and toxic run off out of our water ways

We can and should be better than those countries that take massive shits on their local environment.

No money is for nothing. If you‚Äôre a farmer and you don‚Äôt like these regulations, **don‚Äôt take the EU money** it‚Äôs that simple.

If you‚Äôre a farmer that‚Äôs taking EU money and you‚Äôre whining about regulations you need to shut up. No money is for nothing, the EU isn‚Äôt winning streak."
WolfOfWexford,Exactly. The best we could have is local small producers. Farm to fork
showars,"You‚Äôre absolutely right, we can and should be better than them. So why still import their produce? If we care so much about the planet surely we should be doing something there too? Sanctions, trade restrictions, ‚Äúgreen‚Äù taxes etc

‚ÄúIf it‚Äôs not a problem here and it‚Äôs not our problem‚Äù doesn‚Äôt work with climate change."
ConnolysMoustache,"We‚Äôre never not going to import foreign produce, that‚Äôs how the modern economy works now so we have two options.


1 continue importing foreign produce because we have to and ensure that our locally produced produce isn‚Äôt literally poisoning our country, while giving farmers money to compensate them 

Or

2 continue importing foreign produce because we have to and not regulate our local produce, poisoning our local environment.

It‚Äôs a pretty easy answer in my opinion."
showars,"Why are they the two options? I‚Äôve literally given you three options in the comment before. 

We absolutely can tax the fuck out of produce that is damaging it‚Äôs local ecosystems, and by extension our planet, while still giving our own farmers money to compensate them. We could reduce the cost of locally sourced foods using the tax on food imported from places that do not adhere to certain standards. 

We already do it for food safety so the fact that your only options are keep things as they are, which is subjectively not working, or do nothing is mad. The idea that we can only have extremes as you‚Äôve suggested is ridiculous"
eire23,"Surprised there wasn't a thread on this with some of the details being out out yesterday. What are people thoughts on it. Sheep welfare scheme has been renewed which is good as its money for something that one would be doing anyways. Something for the suckler in it as well? See a new environmental scheme with a max payment of 10k what ever tthat will involve. Front loading on the first 30ha but it seems a small figure, something around 45 an entitlement. Thought it would've been more to suit some smaller farms. Was chatting the ag consultant this morning and she said that any land that's reseeded or getting a lot of manure will be impossible to get into these schemes or get a very low score. Click to expand... I'm looking at it from a critical point of view. Only 15% of farms will qualify for tier 2 of Glas and ‚Ç¨10,000 so 85% of farms will only get a max of ‚Ç¨7000 in Glas and with inflation, we won't be any better off than we were with Glas. Suckler farmers can already access grants of close to ‚Ç¨200 per cow between BDGP and BEEPs. They are making it out that they are giving ‚Ç¨300 more per cow. They're not. There's a lot of hoops to get the ‚Ç¨200 that we already get and it looks like many, many more hoops to get the ‚Ç¨300 proposed. Lads that weren't in BDGP or that didn't keep up their numbers, will face serious spend for to get there. Also, many lads don't think BDGP was a good idea ( I thought it was great!), so they will be hard to persuade to go into it. From talking to a planner doing plans for REAP, the multi species crop won't be a measure suited to any grassland that is being managed - any land that got sprayed with mcpa in the last 5 years won't make it. Any land reseeded in recent years won't make it. Any land getting a lot of fertilizer or slurry won't make it. I might farm wet land, but I try to grow as much grass as I can. I don't see it fair that they will reward my neighbor who puts nothing into grass management. But I'm sure that some of the lads who have recently sown multi species crops will gain from it. It's better than nothing, but if they expect it to make up for any future reduction in cow numbers, it won't. It might force more lads to get out altogether and plant their land or rent it to the dairy farmers."
muckymanor,I see that female farmers are going to get 60% funding in the new tams Click to expand... Discrimination
boy,Discrimination Click to expand... 60% for young farmers - Ageism
Burdizzo,60% for young farmers - Ageism Click to expand... Young female farmers get that too tho
muckymanor,"I see that female farmers are going to get 60% funding in the new tams Click to expand... I assume lots of the ""wives"" will be reclassified as farmers."
ts115,"I assume lots of the ""wives"" will be reclassified as farmers. Click to expand... I'm sure with the cap on payments there will be some new applications for herd numbers too"
Seedsower,"It's hard to not be concerned for the future if you have a decent payment per acre built up.convergence is coming though it's hard to figure out. Looks like a high payment will be halved from its original value or worse and will possibly have to do eco measures to get that much.with the carbon budget reductions it's like the future has a dark cloud over it Click to expand... The minister was visiting locally last week and got a hot reception i believe. One point a lot of ifa reps were making which I'd disagree with was that any increases and some of the decreases were being disguised in schemes with more work and paper etc. Rather than coming in the SFP. Broadly speaking I dont mind how many schemes there are, if it pays to fill out forms and carry out some environmental actions better than it does to finish stock im.ok with that to a certain level. A lot of lads still run down BEEP and BDGP and I know some who refuse to weigh stock and just make up the figures etc. To me thats nuts, those schemes are decent money for small input, more of those would be fine. That said there are other elements of the carbon reduction model that are needing a lot more work and would be happy to see more lobbying there"
candor,"With regard to convergence, to be honest it makes sense that it's a flat payment. Obviously that still depends on what land base you have to work with but at least the playing field is starting to level somewhat. Historical activities shouldn't come into it, as that is not neccessarily what is happening on the ground now. @muckymanor does make a good point about inflation though. The reduction in payments doesn't track with that. I'm new to farming in my own right and am treating the payment as a little business start up grant and am looking for ways to diversify farm income to keep my family on the land going into the future. Click to expand... Just on inflation, taking an average of 2% a year over the last 20 years, and not compounding it, along with the 2 cuts already taken out before convergence kicked in, the value of our BPS is now less than half of what we received 20 years ago."
Spade,"Just on inflation, taking an average of 2% a year over the last 20 years, and not compounding it, along with the 2 cuts already taken out before convergence kicked in, the value of our BPS is now less than half of what we received 20 years ago. Click to expand... This is a quick and simple way to see how inflation works over the years: Interactive Data Visualisations | CSO Ireland www.cso.ie Taking ¬£5000 punts in November 1995, converted to euro (¬£1=‚Ç¨1.27), leaves the actual value now at over ‚Ç¨10,000. I'm still for convergence but the rising tide of inflation should be part of the equation too."
Seedsower,"25% of your SFP is going to an environmental payment.to qualify you will have to choose 2 out of 5 options,the tree planting is one of the 5 Click to expand... What are the other 4"
7715,"What are the other 4 Click to expand... Department reveals 5 eco-scheme actions for new CAP - Agriland.ie The Department of Agriculture, Food and the Marine has revealed proposals for five different eco-scheme actions for the next CAP. www.agriland.ie"
Seedsower,"75euro/ha won't make anyone rich that's for sure.it sounds from that article that it's 25% of everyone's payments goes in to a pool fund then everyone can draw out of it.if this isn't worthwhile for large dairy farms then it's a waste of time as they are the ones needing behavior change. Click to expand... You would imagine that anyone farming intensively is going to forego that 25%. I wonder how unclaimed money will be divided out, I suppose it's unlikley to be added on to anyone's payment that qualifies for the 25% eco part."
eire23,"You would imagine that anyone farming intensively is going to forego that 25%. I wonder how unclaimed money will be divided out, I suppose it's unlikley to be added on to anyone's payment that qualifies for the 25% eco part. Click to expand... eire23 said: You would imagine that anyone farming intensively is going to forego that 25%. I wonder how unclaimed money will be divided out, I suppose it's unlikley to be added on to anyone's payment that qualifies for the 25% eco part. Click to expand... In many ways, it's convergence by the back door. All pay into it, high and low entitlements, and all qualifying will withdraw equally from it. The money from those not drawing it down is supposed to be divided equally among the qualifying farmers but whether that's in the qualifying year or the one after or it will be siphoned off into a new scheme is unclear as yet."
Nashty,"I think the planting the few trees option and GPS fertiliser spreading will be the popular options, those look like the ones I would go for myself anyways, even an intensive dairy farmers would benefit from the GPS fertiliser spreading and I think a certain proportion of trees to replace those that fall over time is not a bad thing in ditches from a shelter perspective if nothing else. Click to expand... GPS system will look well on a quad in early spring so üòä"
Bencroy,GPS system will look well on a quad in early spring so üòä Click to expand... I don't know about up with you but there isn't much fertiliser being spread with a quad around us.
exe,"I assume there will have to be an approved list of GPS systems? Or is this for high end GPS guided fertilizer spreaders only? Click to expand... Some of the articles in the media this week suggest that it will be the high end GPS spreaders only, but I don't think there has been enough information released yet to say for sure"
eire23,"Department reveals 5 eco-scheme actions for new CAP - Agriland.ie The Department of Agriculture, Food and the Marine has revealed proposals for five different eco-scheme actions for the next CAP. www.agriland.ie Click to expand... Personally I can't see why the vast majority of farmers will not be able to access the 25% top up. Hedgerows will be counted as non productive areas. Maintaining stocking rates will be achievable for most too - most have been farming pretty intensively in recent years. Planting a few trees per hectare - well who among us wouldn't be able to find a few corners to put in a few trees? Nitrates? Its coming regardless of fertilizer prices. High nitrates are a problem and we can either take the issue on ourselves or be forced to take it on in the coming years. GPS I hope they allow it to be just a simple GPS guidance system - lt would be beneficial for any of us that spray or spread. Edit Only 2 of the 5 have to be chosen. We don't have to choose measures that will limit productivity."
muckymanor,"Some of the articles in the media this week suggest that it will be the high end GPS spreaders only, but I don't think there has been enough information released yet to say for sure Click to expand... Is this that the gps controls the spreader or that the tractor has gps for guidance?, it would take many years of 25% of my payment to pay for a 25k + spreader!, I see this as a cut in payments, you either have to spend more money on not needed machines or reduce our crop area (and hence profit) to get the same farm payment, bs of the highest order."
exe,I assume there will have to be an approved list of GPS systems? Or is this for high end GPS guided fertilizer spreaders only? Click to expand... Yes they have to be spreaders that are controlled by gps
muckymanor,Personally I can't see why the vast majority of farmers will not be able to access the 25% top up. Hedgerows will be counted as non productive areas. Maintaining stocking rates will be achievable for most too - most have been farming pretty intensively in recent years. Planting a few trees per hectare - well who among us wouldn't be able to find a few corners to put in a few trees? Nitrates? Its coming regardless of fertilizer prices. High nitrates are a problem and we can either take the issue on ourselves or be forced to take it on in the coming years. GPS I hope they allow it to be just a simple GPS guidance system - lt would be beneficial for any of us that spray or spread. Click to expand... Probably not the best place to plant trees seeing as most livestock farmers will need to be accessing there to put down corner stakes at some point in the future?
Spade,Probably not the best place to plant trees seeing as most livestock farmers will need to be accessing there to put down corner stakes at some point in the future? Click to expand... I'd say you'll have to put the fence outside the trees for to protect them from livestock.
Hereford,"How do people think tree planting work for lads with a lot of rented land. Click to expand... Excellent question, even it falls to the landlord to plant , that changes the whole arrangement the tenant signed up for"
Seedsower,"I wonder what's the specification for non productive land?just close the gate? Can you ever graze it? Can it be in small bits of corners etc? It would have to have been claimed on your area aid I presume. Apparently bog may not count Click to expand... I don't have answers to all that. All that I have read is that land that was previously removed from area aid applications because of scrub can now be claimed on. I'd imagine that whatever land you want to claim on will have to have been identified on your maps up to now, you may not have been claiming for it because it was covered in scrub or you may not have already been leaving it aside as non productive land for wildlife or Carbon storage. But it will have to have been already on your maps. I can't see how they can penalise you if you are already doing what they want you to do. I have also read that all hedgerows will be measured and counted as non productive land."
muckymanor,"At this stage, there can't be many farmers in the country that won't be able to get the 25% top up with very little extra to do Click to expand... Just have to spend more money to get it, than the last round. So in reality, its a loss of income They obviously became frightening of enough farmers telling them,.when touring the country, that they wouldn't bother claiming the BPS"
Scott,"Just have to spend more money to get it, than the last round. So in reality, its a loss of income They obviously became frightening of enough farmers telling them,.when touring the country, that they wouldn't bother claiming the BPS Click to expand... The soil sampling and lime option will bring more benefit than cost. Multi-species should bring more benefit than cost too."
muckymanor,"The soil sampling and lime option will bring more benefit than cost. Multi-species should bring more benefit than cost too. Click to expand... I have seen many spend needless money on soil samples that returned no benefit. I actually cost myself allot of money apply needless nutrients following soil samples. Similar on the Multi-species swards, the costs are high and for me there has been no reward"
Scott,"I have seen many spend needless money on soil samples that returned no benefit. I actually cost myself allot of money apply needless nutrients following soil samples. Similar on the Multi-species swards, the costs are high and for me there has been no reward Click to expand... Can you expand on the soil sampling bit, or point me in the right direction for books or papers ect?"
Scott,"I have seen many spend needless money on soil samples that returned no benefit. I actually cost myself allot of money apply needless nutrients following soil samples. Similar on the Multi-species swards, the costs are high and for me there has been no reward Click to expand... The action is soil sampling and liming - so the financial benefit for most will be in spreading lime. Can you expand on the multi-species sward lack of reward? We are lead to believe that it's going to be the future of grazing in this country?"
Seedsower,Ms awards are expensive to establish and have poor persistence Click to expand... No more expensive than other reseeds in terms of the work done to establish. The seed cost for the same seeding rate came in at roughly ‚Ç¨10 per acre more expensive compared with a general grass mixture. The seed cost ‚Ç¨97 per acre at 15kg. We are farming organically so no spray or fertiliser costs and it's growing away well. I'll come back to you in 10 years on the persistence. We'll be doing holistic planned grazing (similar to mob grazing in some respects) and I think the various species stand a better chance at persisting using that type of grazing management.
exe,"Can you expand on the soil sampling bit, or point me in the right direction for books or papers ect? Click to expand... My biggest cost was I corrected my soil just using the Ph as a sole measurement by applying calcium lime. When in fact I should have been using dolomitic lime, but the Morgans test reads Magnesium incorrectly, so even though I was Index 4 for Mg on standard soil test, my Mg was on the floor. Corrected my problem buying a much more expensive Magnesium that probably cost me 25k extra over the last decade."
sort,"entered into a long term lease myself recently for approx 70% of my farm , tenant will collect all of the subs , been hearing a bit of speculation regarding how leasing out entitlements will work and how in order to collect , environmental measures will need to be taken . anyone know if this will fall to the tenant farming the ground or the landlord who owns it ? perhaps not decided upon yet ? Click to expand... Tennant. I assume the tennant will pay out whatever % you agreed on the basic payment part (whatever that's called in the new system), and retain the Greening part (whatever that is called now) like before. Is leasing of entitlement not finished under the next system?"
muckymanor,"The action is soil sampling and liming - so the financial benefit for most will be in spreading lime. Can you expand on the multi-species sward lack of reward? We are lead to believe that it's going to be the future of grazing in this country? Click to expand... I don't have any MSS in longer than 5 yrs, and put in a field each year up to this point. Yes it *may* grow better, but if you cant get on a graze it, its of little benefit. Huge bare patches not intercepting light for photosynthesis is a serious concern of mine. On *my ground and in my system* a diverse grass sward with clovers using low or no Synthetic N, will kick the bejasus out of MSS."
Scott,"Tennant. I assume the tennant will pay out whatever % you agreed on the basic payment part (whatever that's called in the new system), and retain the Greening part (whatever that is called now) like before. Is leasing of entitlement not finished under the next system? Click to expand... No , The tenant is retaining 100% of the payments but I am receiving a large flat rate rent"
sort,"No , The tenant is retaining 100% of the payments but I am receiving a large flat rate rent Click to expand... Oh yes, you were leasing that out earlier in the year. My online offer would be putting alot of extra cash in your pocket now!!! Sure you will have no worries with your agreement. Will you have to ""sell"" your entitlements to the tennant? Will these cause a big tax issue for you?"
Scott,"Oh yes, you were leasing that out earlier in the year. My online offer would be putting alot of extra cash in your pocket now!!! Sure you will have no worries with your agreement. Will you have to ""sell"" your entitlements to the tennant? Will these cause a big tax issue for you? Click to expand... obviously its not within my control what the new programme dictates but as long as the tenant pays me 270 per annum for ten years , I honestly dont care if the entitlements are taken off me and given to him"
Scott,"I don't have any MSS in longer than 5 yrs, and put in a field each year up to this point. Yes it *may* grow better, but if you cant get on a graze it, its of little benefit. Huge bare patches not intercepting light for photosynthesis is a serious concern of mine. On *my ground and in my system* a diverse grass sward with clovers using low or no Synthetic N, will kick the bejasus out of MSS. Click to expand... Thanks for that. I'm working towards a diverse sward with clover too but I had intended that MSS would be a big part of it. It's good to have all perspectives."
muckymanor,"Thanks for that. I'm working towards a diverse sward with clover too but I had intended that MSS would be a big part of it. It's good to have all perspectives. Click to expand... MSS has worked well in Ireland with the last few years. The test of MSS here will be the persistency and sward recovery after a wet year where cattle still have to get out in less than ideal conditions to graze. I'll be avoiding it until I see it on heavy ground in a normal year or normal ground in a wet year. I have doubts that the chicory and plantain will survive those conditions and, so far anyway, over seeding has proved marginally beneficial wherever I've come across it. You'll still have a grass/clover sward at the end of it but 3-4 years benefits under good soil conditions seems a good bit too low to be pinning our whole grassland future on, in my view?"
Spade,"MSS has worked well in Ireland with the last few years. The test of MSS here will be the persistency and sward recovery after a wet year where cattle still have to get out in less than ideal conditions to graze. I'll be avoiding it until I see it on heavy ground in a normal year or normal ground in a wet year. I have doubts that the chicory and plantain will survive those conditions and, so far anyway, over seeding has proved marginally beneficial wherever I've come across it. You'll still have a grass/clover sward at the end of it but 3-4 years benefits under good soil conditions seems a good bit too low to be pinning our whole grassland future on, in my view? Click to expand... From what I have read, one of the key things to MSS is a 30 day rotation. That won't suit the more intensive farmers in this country. For me, the big advantage should be lower fertilizer requirement. I can do the 30 day rotations. I wouldn't mind oversowing or stitching in seed every 4 or 5 years if the fertilizer savings being quoted are accurate. I know that it comes down to having proper pH and p and k indexes, but I'm confident that I have those in line for next year."
humungus,"one of the head researchers in teagasc called clover a mediterranean weed that has no place in grassland less than 10 yrs ago, as you say if its that good why has it taken them so long to cop on to it Click to expand... I had a lad here one day , and we were looking at a field that I had reseeded the year before using Tipperary 4A . It was a mass of clover üçÄ, and a few docks. Yer man says to me , The best thing you could do with that field , is give it a good shot of Dock spray , and hope that it would Kill most of that stuff"
humungus,"one of the head researchers in teagasc called clover a mediterranean weed that has no place in grassland less than 10 yrs ago, as you say if its that good why has it taken them so long to cop on to it Click to expand... Maybe because it suits the narrative teagasc I wouldn't doubt would of been ""sponsored"" by big business to a degree and it would help that their findings would help make their products look good. I'm trying mss and for me it might work it might not but worth a shot. Mss might be the electric car of the grazing world, grass the diesel car it's what we know tried and tested but given the cost fertiliser could be people are going to have to look to see what suits there system. There's no one option to fix all but hopefully we'll have more informed options soon"
muckymanor,Thanks for that. I'm working towards a diverse sward with clover too but I had intended that MSS would be a big part of it. It's good to have all perspectives. Click to expand... You trying the mss at home or on your other farm mucky. Man in fenagh sowed red clover for the milkers this year.not sure if they have started feeding the bales yet
Bencroy,"You trying the mss at home or on your other farm mucky. Man in fenagh sowed red clover for the milkers this year.not sure if they have started feeding the bales yet Click to expand... We have sown a lot of aberace white clover at home over the last 2 years by feeding it mixed with meal in the calf creep feeder. I was planning to strip graze pasture fairly tight on the first round of grazing and spread in a mix of white and red clover, chicory and plantain on some pasture that hasn't got a lot of clover. I have toyed with growing red clover for silage for a while now in galway. This year might be the year I start but I'll definitely stitch in some mass to pasture over there."
humungus,"one of the head researchers in teagasc called clover a mediterranean weed that has no place in grassland less than 10 yrs ago, as you say if its that good why has it taken them so long to cop on to it Click to expand... When you see who sits on their Board it becomes pretty obvious why. For what Its worth we have been grazing MSS type swards via sheep/beef for the past few years and seem to have less issues with worms, scour etc. and generally better thrive in young stock compared to neighbours who follow the Teagasc Bible."
ptfarmer,"When you see who sits on their Board it becomes pretty obvious why. For what Its worth we have been grazing MSS type swards via sheep/beef for the past few years and seem to have less issues with worms, scour etc. and generally better thrive in young stock compared to neighbours who follow the Teagasc Bible. Click to expand... What varieties have u sown and how long?the key messages I have been hearing are better animal performance,as u say less worm problems and lack of persistency.in production terms,where is the comparison? Will you have leafy regrowth regularly with no fertilizer?"
Seedsower,"Will stitching in mss work?? Maybe in an open sward,which older swards rarely are open Click to expand... There's a few different online discussion groups where people have claimed that stitching in clover, plantain and chicory to existing swards has worked well. I have spoken to one person who has done it on heavy land and they are pretty happy with it. I have a quandary. I have old pasture on fairly good ground that was never reseeded in the last 100 years. With p and k indexes correct it grows a lot of grazable grass with minimal N input. There is no way that I can afford to spray it off in order to sow MSS. All that I can do is try to tweak it by adding species to it."
muckymanor,"There's a few different online discussion groups where people have claimed that stitching in clover, plantain and chicory to existing swards has worked well. I have spoken to one person who has done it on heavy land and they are pretty happy with it. I have a quandary. I have old pasture on fairly good ground that was never reseeded in the last 100 years. With p and k indexes correct it grows a lot of grazable grass with minimal N input. There is no way that I can afford to spray it off in order to sow MSS. All that I can do is try to tweak it by adding species to it. Click to expand... Wouldn't you be better go for the poor producing field first?"
marco,"Wouldn't you be better go for the poor producing field first? Click to expand... There's such a variety in land quality over 70 acres on the one farm. The poorest producing field is poor producing for a reason (mainly because of soil quality, depth and drainage and the best is deep fertile. The best field gives an awful lot and needs very little. Sowing more species into the best fields would give it the best chance of establishment and putting in clover that could sequester nitrogen would push it to a higher level of productivity than it is at now. I don't farm intensively by any means. I'm willing to experiment, but I don't want to sacrifice what I have already got."
muckymanor,"There's such a variety in land quality over 70 acres on the one farm. The poorest producing field is poor producing for a reason (mainly because of soil quality, depth and drainage and the best is deep fertile. The best field gives an awful lot and needs very little. Sowing more species into the best fields would give it the best chance of establishment and putting in clover that could sequester nitrogen would push it to a higher level of productivity than it is at now. I don't farm intensively by any means. I'm willing to experiment, but I don't want to sacrifice what I have already got. Click to expand... My 2 cents on it after my 1st 6 months. I've stoney land so next time I'm going disc instead of plough. Good spray off is essential I might consider doing a break of fodder rape. I've an issue with docs now so controlling that will be a issue. It's not a wonder crop but I reckon a bit of variety in the diet can't be a bad thing just hoping for reduced fertiliser need partly on cost partly on one less job to do."
gatsby,"Logically I can't see how mss could get anywhere near competing with prg for productivity, sure if it could we wouldn't have been using the grass swards we have for the last 40 years. I still think they have a place but on a straight output basis I think they'll be way off. We've played around with grass varieties and clover the last few reseeds but to be honest will be focusing on persistence and in future Click to expand... 'Multi-species sward driving litres but hitting protein' on Tipperary farm Multi-species swards on a Tipperary-based farm are having slightly mixed results with protein being hit but litres driving on and cows appearing very happy grazing it. www.agriland.ie"
Seedsower,"What varieties have u sown and how long?the key messages I have been hearing are better animal performance,as u say less worm problems and lack of persistency.in production terms,where is the comparison? Will you have leafy regrowth regularly with no fertilizer? Click to expand... Basically what we done here was seek to reduce the bagged stuff and utilise fym and watery slurry at key times of year. This led over time to a greater variety of grass and herb species spreading threw the sward.The advantages of this was obviously low cost and allowed time for stock to get used to different sward mixes. I suspect it helped too that we have s0me SAC land which held a seed bank of these species so that obviously doesn't apply to everyone. However we did do some scarifying and over seeding with clover and timothy to speed things up on the outfarm which is generally drier ground and that worked well. We found the older native grass strains were also more robust when it came to late spring droughts or water logging after wet winters in terms of leafy re-growth when grazed"
Spade,"There's a bit more detail on the shape of what's coming starting in 2023. Next nitrates action plan: new rules for slurry, fertiliser and soiled water Caitr√≠ona Morrissey looks at the details of the next nitrates action plan. www.farmersjournal.ie Slurry spreading stopping on Oct 8th next year and Oct 1st in 2023 but an extension might be allowed under some as yet undecided conditions. Spreading soiled water is going to be more restricted and a separate holding tank might be needed. Fertiliser allowances dropped by 10% next year and another 5% in 2024. A 2 week reduction in permitted artificial fert spreading much the same as the slurry one above. There's a requirement to shallow cultivate tillage ground post harvest or sow a crop within 14 days. By 2025, only farms with stocking rates <100kgs will be permitted to use anything other than LESS for slurry. So if you're thinking of investing in LESS, soon would be best if you're thinking of going for a grant. Click to expand... I might have been able to get on board with extending the slurry ban for another week in January but cutting back October? These lads are f**king dopes."
Man,If I spend four weeks cutting barley after two weeks I have to stop cutting to go scratch the barley fields before I cut the wheat. What ducking planet are these people on that they are telling me what to do on my own farm. I do between 130 to 200 hours combining and now it is compulsory to go tilling. Usually for oats I leave the field green up and spay off before sowing on a flexible target date of the 20th October. It has worked well for me . They are known nothing gobshites . Thirteen years ago myself and a few others started growing Combicrops and the experts including Andy Doyle could not understand what we were at. We can now look forward to getting half the protein payment on it so we are making progress. Click to expand... All I can say is that's just an overview of the general rules. The devil will be in the detail and it might have exemptions and work arounds included?
Man,"If I spend four weeks cutting barley after two weeks I have to stop cutting to go scratch the barley fields before I cut the wheat. What ducking planet are these people on that they are telling me what to do on my own farm. I do between 130 to 200 hours combining and now it is compulsory to go tilling. Usually for oats I leave the field green up and spay off before sowing on a flexible target date of the 20th October. It has worked well for me . They are known nothing gobshites . Thirteen years ago myself and a few others started growing Combicrops and the experts including Andy Doyle could not understand what we were at. We can now look forward to getting half the protein payment on it so we are making progress. Click to expand... It's a very impractical measure in a settled harvest, never mind a broken one. It'll come as a surprise to a lot of tillage farmers who were of the belief the nitrates directive only affected livestock farmers. Forcing tillage farmers to cultivate stubbles in unsuitable conditions will only lead to soil erosion which will result in sediment flow towards water bodies which is a bigger source of water pollution than the nitrate leaching they are trying to prevent."
Barrowsider,"It's a very impractical measure in a settled harvest, never mind a broken one. It'll come as a surprise to a lot of tillage farmers who were of the belief the nitrates directive only affected livestock farmers. Forcing tillage farmers to cultivate stubbles in unsuitable conditions will only lead to soil erosion which will result in sediment flow towards water bodies which is a bigger source of water pollution than the nitrate leaching they are trying to prevent. Click to expand... Not to mention the oxidation of carbon which is the opposite of what I thought they were trying to achieve."
nashmach,So basically they will want us all chopping straw then and forget about trying to get it baled. I wonder will the reduction in the fertiliser limits flow through to tillage crops as well. No mention of what is to happen with FYM storage and spreading. Click to expand... Is it coz they now need the carbon credits from straw chopping‚Ä¶
towbar,Is it coz they now need the carbon credits from straw chopping‚Ä¶ Click to expand... Great minds think alike.
candor,"‚Ç¨2.7m to ramp up Farm Soil Carbon Observatory 'Carbon farming is an area that will become a crucial part of the future of farming in this country' www.irishexaminer.com Click to expand... all set up, so we will be paid for our carbon through ""SFP"" type arrangement. has to be resisted at all costs"
Scott,"all set up, so we will be paid for our carbon through ""SFP"" type arrangement. has to be resisted at all costs Click to expand... Similar thoughts here. The government trying to take control of any carbon credits and use them to their own advantage."
ithastopay,"For the reasons mentioned above, We didn‚Äôt participate, in the recent soil sampling scheme. I have a similar view of new greening measures, there wasn‚Äôt much of a battle to get the extra options included, when it looked like farmers, were not going to participate in the scheme. The greening payment is going to be in the region of ‚Ç¨25-‚Ç¨30/ac, not a lot of money in the bigger scheme of things. I fear that signing up to it, could leave farmers in the same position, as forestry owners are in now. Click to expand... I received approval for participation in the scheme before Christmas but I'll be delaying taking samples as long as possible until there's a lot more information coming out about the long term ownership of our soil carbon."
ithastopay,"For the reasons mentioned above, We didn‚Äôt participate, in the recent soil sampling scheme. I have a similar view of new greening measures, there wasn‚Äôt much of a battle to get the extra options included, when it looked like farmers, were not going to participate in the scheme. The greening payment is going to be in the region of ‚Ç¨25-‚Ç¨30/ac, not a lot of money in the bigger scheme of things. I fear that signing up to it, could leave farmers in the same position, as forestry owners are in now. Click to expand... Bear with me on this. The EU are making all the noises on the Green budget and what they are going to do to reduce emissions. It seems to me that whatever happens it will be introduced at European level and not at local level unless some specific exemption (such as the nitrates derogation). In that cases, our shower can do very little about it despite the current fiasco on forestry. On the greening payment, one could argue as tillage farmers obeying the 3 crop rule that we are already complicit in that? It has been opened up now that it will be harder not to qualify but the devil will be in the detail, the main one being eligible ground so for MSS is it grazing ground, for tillage measure is it tillage ground but what about stocking rate is it whole farm or grazing ground only."
Scott,"‚Ç¨5,000k due to me for f all, as part of the Forgotten Farmers and 60% TAMS. Great little country Click to expand... Hi ozzy Scott. Do u know the requirements to qualify for the payment. I took over the home farm at the end of November 2010. I didn't get any instalation aid. Will I qualify. Thank you"
t77,"Hi ozzy Scott. Do u know the requirements to qualify for the payment. I took over the home farm at the end of November 2010. I didn't get any instalation aid. Will I qualify. Thank you Click to expand... Still only soundings, but I assume its a done deal if its in the IFJ"
Cjmc,"Got a letter from the department today about CAP 2023, presume everyone else did as well. Am I right in saying that, for a farmer in the ANC scheme, he/she will have to keep more stock than they are currently keeping in order to satisfy the minimum stocking requirements under the new ANC scheme, as it looks like most cattle will count as less of a livestock unit than they currently do? Click to expand... I got it yesterday, I never noticed the livestock units had been changed, you're correct, you will have to keep more stock to qualify. What's this about the eco scheme and 2022 being used as a reference year, will the number of livestock units determine how much you get paid or will everyone get the same if they are between 0.15 and 1.5"
Neat,Could there be a major rethinking of the cap now that Europe is unstable again. Has this war shown that we can‚Äôt rely on other nations for our resources? Click to expand... Things will have to get a lot worse before that happens unfortunately.
ts115,"McConalogue announces derogation from Crop Diversification rules in 2023 www.gov.ie I'm I reading this right, no 2 or 3 crop rule for next year? Click to expand... That‚Äôs the way it reads to me. A bit strange a government website using a headline that refers to the minister by his surname only. If I were the minister, someone would be getting an email‚Ä¶."
Seedsower,"It's a good news story so definitely no such thing as bad publicity Click to expand... Absolutely, all back to spring barley for me anyway, I was sowing spring and winter barley, pain to get contractor back at different times for small acreage."
ts115,"Absolutely, all back to spring barley for me anyway, I was sowing spring and winter barley, pain to get contractor back at different times for small acreage. Click to expand... Dont cast your decision in stone yet. Crop diversification may be needed for your greening part under the new CAP."
nashmach,"Did anyone else have a look at their Space for Nature figures that were published on agfood in the last 10 days? They look very high for here anyway. Click to expand... What do you rate as high? Mine is 36%. Have a lot of hedgerows, several ring forts that are completely overgrown and a pile of scrub on land that I rented last year that I plan to remove this coming year - so I can do a lot of tidying up and still qualify"
nashmach,"Did anyone else have a look at their Space for Nature figures that were published on agfood in the last 10 days? They look very high for here anyway. Click to expand... Ours is low according to the online figure (barely 5% I‚Äôd say). According to our Teagasc advisor, these figures will need to be checked by everyone as the online measurements are likely to be inaccurate (based on past experiences with automated measurement of hedges etc). We received permission to remove our last remaining non-boundary hedge earlier this year. It‚Äôll be replaced on a boundary where only a wire fence exists between ourselves and a neighbour. Might aswell go for its removal now as such activities will likely become more difficult in the future."
nashmach,Did anyone else have a look at their Space for Nature figures that were published on agfood in the last 10 days? They look very high for here anyway. Click to expand... How do you get to see that?
Arthur,How do you get to see that? Click to expand... It's under the direct payments tab
muckymanor,"What do you rate as high? Mine is 36%. Have a lot of hedgerows, several ring forts that are completely overgrown and a pile of scrub on land that I rented last year that I plan to remove this coming year - so I can do a lot of tidying up and still qualify Click to expand... It is 18% but there are some amendments from this year to be made. Even with those made, I'm still on 15% or so. I'm not complaining, the small fields here finally are proving useful!! If any changes have to be made for what Cork says I'd hope they will keep me in the 10 to 12% mark. Achieving the other requirements for the old greening payment would not be simple here. I dont see how the limiting fertiliser usage works on a mixed farm if I'm being honest."
nashmach,"Did anyone else have a look at their Space for Nature figures that were published on agfood in the last 10 days? They look very high for here anyway. Click to expand... Had a look, 12.87."
boy,"2.21% here which makes no sence at all. We have a wooded area of 2.5 he‚Äôs in the middle of the farm which seems to be excluded from the calculation, it is not a planted wood and has never drawn any premiums. Click to expand... And you could have got a grant for removing it in the 1970,s"
nashmach,"Did anyone else have a look at their Space for Nature figures that were published on agfood in the last 10 days? They look very high for here anyway. Click to expand... Does this count as one of your two things you need to do for greening payment?, only 4.9% here but that's only hedges in tillage fields, I should be well over 10% when grass fields are included."
ts115,"Does this count as one of your two things you need to do for greening payment?, only 4.9% here but that's only hedges in tillage fields, I should be well over 10% when grass fields are included. Click to expand... It does and potentially 2 so for most it is an easy enough win."
boy,"2.21% here which makes no sence at all. We have a wooded area of 2.5 he‚Äôs in the middle of the farm which seems to be excluded from the calculation, it is not a planted wood and has never drawn any premiums. Click to expand... What is that wood counted as currently on your BPS?"
nashmach,What is that wood counted as currently on your BPS? Click to expand... It has a plot number yes
boy,"2.21% here which makes no sence at all. We have a wooded area of 2.5 he‚Äôs in the middle of the farm which seems to be excluded from the calculation, it is not a planted wood and has never drawn any premiums. Click to expand... I have a bit of forestry and a grove along a river bank that would total about 11% of my land area before any hedges etc. Looks like these aren't included."
lough,"From next year on, do you have to get a Teagasc adviser or private adviser to submit your BPS, will you not be allowed to submit it yourself Click to expand... Where did you see that, lough?"
nashmach,"Where did you see that, lough? Click to expand... It was at a Teagasc discussion group meeting and I think it has to do with the space for nature. I'm not sure whether I picked it up wrong or not, that's why I'm asking if anyone else heard it."
lough,"It was at a Teagasc discussion group meeting and I think it has to do with the space for nature. I'm not sure whether I picked it up wrong or not, that's why I'm asking if anyone else heard it. Click to expand... Not that I am aware of. You do have to engage a planner/consultant for Acres though, even if you are a qualified planner yourself"
Schtiglitz,"The space for nature thing fluctuates with split parcels on bps etc. It's not a steady figure and one to keep an eye on. The space for nature work backs are not too onerous though. Plant a bit of a ditch here, gps spreader there. FFS. Click to expand... How do you mean? Surely if you have one field it should have the same space for nature if it's in one parcel or 4? (Reading your post that's not the case)"
nashmach,How do you mean? Surely if you have one field it should have the same space for nature if it's in one parcel or 4? (Reading your post that's not the case) Click to expand... Nope it can fluctuate up and down as you split parcels and actions. Say with grass margins on a separate lips number.
Patrol,"I was checking the Space for Nature figure for my farm. It‚Äôs very low at 2.31% and I‚Äôve a lot of mature hedges, trees and drains. I looked at a few parcel maps and the bits that were deemed to be ineligible ie hedges , drains and scrub etc and taken off the claimed area for the spf over the last few years. They don‚Äôt seem to be included now as areas for SFN. It seems very complicated to take SFN areas off individual parcels. Would it be easier & more accurate to take a whole farm / block of land and take the spf claimed area and buildings/ roadways away and be left with the SFN area ? Click to expand... They are treated with caution. I do not see any reason why your cases above should not be included. You may have some editing to do when you see your advisor."
